title,brand,price,currency,Pre Reduction,dicount
New Balance,New Balance,,BHD,,
Adidas,Adidas,,BHD,21.57,-25%
Nike,Nike,,BHD,,
adidas Originals,adidas Originals,,BHD,46.50,-30%
Adidas,Adidas,,BHD,18.32,-25%
Adidas,Adidas,,BHD,24.83,-25%
Adidas,Adidas,,BHD,,
Adidas,Adidas,,BHD,30.24,-41%
adidas Originals,adidas Originals,,BHD,46.50,-35%
adidas Originals,adidas Originals,,BHD,20.49,-24%
adidas Originals,adidas Originals,,BHD,30.24,-33%
adidas Originals,adidas Originals,,BHD,30.24,-26%
Jordan,Jordan,,BHD,57.35,-35%
Adidas,Adidas,,BHD,21.57,-25%
CONVERSE,CONVERSE,,BHD,27.00,-47%
CONVERSE,CONVERSE,,BHD,19.41,-36%
adidas Originals,adidas Originals,,BHD,43.26,-71%
Adidas,Adidas,,BHD,21.57,-40%
adidas Originals,adidas Originals,,BHD,49.76,-28%
PUMA,PUMA,,BHD,28.08,-37%
Adidas,Adidas,,BHD,24.83,-41%
Adidas,Adidas,,BHD,20.49,-24%
Adidas,Adidas,,BHD,22.66,-27%
Adidas,Adidas,,BHD,19.41,-23%
asics,asics,,BHD,36.32,-1%
Adidas,Adidas,,BHD,22.66,-17%
Adidas,Adidas,,BHD,22.66,-40%
asics,asics,,BHD,,
adidas Originals,adidas Originals,,BHD,35.67,-42%
PUMA,PUMA,,BHD,21.57,-10%
Jordan,Jordan,,BHD,57.35,-35%
Adidas,Adidas,,BHD,24.93,-8%
adidas Originals,adidas Originals,,BHD,32.41,-23%
asics,asics,,BHD,52.36,-6%
adidas Originals,adidas Originals,,BHD,25.91,-18%
Adidas,Adidas,,BHD,27.00,-25%
adidas Originals,adidas Originals,,BHD,35.67,-42%
Adidas,Adidas,,BHD,21.57,-25%
PUMA,PUMA,,BHD,27.00,-47%
crocs,crocs,,BHD,,
adidas Originals,adidas Originals,,BHD,35.67,-26%
CONVERSE,CONVERSE,,BHD,27.00,-47%
Adidas,Adidas,,BHD,24.83,-29%
Adidas,Adidas,,BHD,22.66,-25%
Adidas,Adidas,,BHD,19.41,-10%
adidas Originals,adidas Originals,,BHD,,
Adidas,Adidas,,BHD,27.00,-38%
Adidas,Adidas,,BHD,13.98,-21%
SKECHERS,SKECHERS,,BHD,16.48,-27%
New Balance,New Balance,,BHD,27.00,-19%
UNDER ARMOUR,UNDER ARMOUR,,BHD,32.41,-33%
SKECHERS,SKECHERS,,BHD,16.48,-16%
Adidas,Adidas,,BHD,25.91,-23%
Adidas,Adidas,,BHD,20.49,-14%
Adidas,Adidas,,BHD,22.66,-22%
Adidas,Adidas,,BHD,18.32,-14%
Adidas,Adidas,,BHD,28.08,-37%
Adidas,Adidas,,BHD,27.00,-28%
Nike,Nike,,BHD,,
Adidas,Adidas,,BHD,28.08,-28%
adidas Originals,adidas Originals,,BHD,27.00,-33%
adidas Originals,adidas Originals,,BHD,43.26,-34%
Nike,Nike,,BHD,,
Adidas,Adidas,,BHD,22.66,-17%
UNDER ARMOUR,UNDER ARMOUR,,BHD,24.83,-34%
adidas Originals,adidas Originals,,BHD,35.67,-24%
adidas Originals,adidas Originals,,BHD,,
Adidas,Adidas,,BHD,21.57,-27%
Adidas,Adidas,,BHD,18.32,-21%
Adidas,Adidas,,BHD,22.66,-14%
adidas Originals,adidas Originals,,BHD,30.24,-47%
PUMA,PUMA,,BHD,21.57,-55%
Nike,Nike,,BHD,48.67,-35%
Adidas,Adidas,,BHD,27.00,-54%
Nike,Nike,,BHD,67.75,-59%
PUMA,PUMA,,BHD,29.16,-46%
PUMA,PUMA,,BHD,21.57,-46%
BMW Motorsport,BMW Motorsport,,BHD,37.51,-69%
Nike,Nike,,BHD,35.67,-72%
Adidas,Adidas,,BHD,22.66,-25%
SKECHERS,SKECHERS,,BHD,,
Adidas,Adidas,,BHD,19.41,-4%
Adidas,Adidas,,BHD,25.91,-23%
PUMA,PUMA,,BHD,21.57,-39%
Adidas,Adidas,,BHD,22.66,-25%
Adidas,Adidas,,BHD,25.91,-29%
asics,asics,,BHD,48.78,-13%
Adidas,Adidas,,BHD,24.83,-5%
Adidas,Adidas,,BHD,22.66,-17%
adidas Originals,adidas Originals,,BHD,35.67,-55%
Adidas,Adidas,,BHD,18.32,-32%
adidas Originals,adidas Originals,,BHD,46.50,-40%
asics,asics,,BHD,,
Adidas,Adidas,,BHD,19.41,-24%
Adidas,Adidas,,BHD,22.66,-25%
Adidas,Adidas,,BHD,21.57,-40%
adidas Originals,adidas Originals,,BHD,49.76,-28%
Adidas,Adidas,,BHD,25.91,-27%
adidas Originals,adidas Originals,,BHD,43.26,-43%
PUMA,PUMA,,BHD,28.08,-37%
adidas Originals,adidas Originals,,BHD,30.24,-39%
Adidas,Adidas,,BHD,24.83,-41%
asics,asics,,BHD,36.32,-13%
adidas Originals,adidas Originals,,BHD,46.50,-1%
Adidas,Adidas,,BHD,20.49,-26%
Adidas,Adidas,,BHD,12.90,-27%
asics,asics,,BHD,,
Nike,Nike,,BHD,,
Nike,Nike,,BHD,,
PUMA,PUMA,,BHD,21.57,-55%
PUMA,PUMA,,BHD,20.49,-45%
Adidas,Adidas,,BHD,18.32,-14%
PUMA,PUMA,,BHD,19.41,-42%
Nike,Nike,,BHD,48.67,-35%
crocs,crocs,,BHD,,
Adidas,Adidas,,BHD,27.00,-54%
crocs,crocs,,BHD,,
BIRKENSTOCK,BIRKENSTOCK,,BHD,,
Nike,Nike,,BHD,67.75,-59%
Adidas,Adidas,,BHD,22.66,-14%
Adidas,Adidas,,BHD,,
PUMA,PUMA,,BHD,29.16,-46%
PUMA,PUMA,,BHD,21.57,-46%
BMW Motorsport,BMW Motorsport,,BHD,37.51,-69%
Nike,Nike,,BHD,48.67,-24%
Nike,Nike,,BHD,,
Nike,Nike,,BHD,35.67,-72%
PUMA,PUMA,,BHD,,
Adidas,Adidas,,BHD,,
Adidas,Adidas,,BHD,20.49,-26%
PUMA,PUMA,,BHD,25.91,-42%
Jordan,Jordan,,BHD,59.52,-34%
On Running,On Running,,BHD,,
Adidas,Adidas,,BHD,,
PUMA,PUMA,,BHD,18.32,-43%
VANS,VANS,,BHD,24.83,-57%
Nike,Nike,,BHD,37.83,-61%
Nike,Nike,,BHD,,
Nike,Nike,,BHD,30.24,-46%
Adidas,Adidas,,BHD,25.91,-37%
adidas Originals,adidas Originals,,BHD,30.24,-43%
Nike,Nike,,BHD,48.67,-43%
U.S. Polo Assn.,U.S. Polo Assn.,,BHD,40.37,-45%
Nike,Nike,,BHD,41.09,-51%
Nike,Nike,,BHD,24.83,-23%
PUMA,PUMA,,BHD,18.32,-43%
CONVERSE,CONVERSE,,BHD,16.15,-3%
Adidas,Adidas,,BHD,10.73,-27%
VANS,VANS,,BHD,24.83,-57%
Adidas,Adidas,,BHD,20.49,-17%
Adidas,Adidas,,BHD,22.66,-27%
adidas Originals,adidas Originals,,BHD,27.00,-29%
Hoka,Hoka,,BHD,,
Nike,Nike,,BHD,37.83,-61%
Nike,Nike,,BHD,,
Nike,Nike,,BHD,,
New Balance,New Balance,,BHD,,
Adidas,Adidas,,BHD,21.57,-10%
adidas Originals,adidas Originals,,BHD,30.24,-23%
Nike,Nike,,BHD,,
crocs,crocs,,BHD,30.24,-27%
adidas Originals,adidas Originals,,BHD,46.50,-27%
Adidas,Adidas,,BHD,19.41,-34%
asics,asics,,BHD,,
Adidas,Adidas,,BHD,22.66,-21%
Nike,Nike,,BHD,30.24,-46%
Adidas,Adidas,,BHD,25.91,-37%
adidas Originals,adidas Originals,,BHD,30.24,-43%
Adidas,Adidas,,BHD,21.57,-25%
adidas Originals,adidas Originals,,BHD,25.91,-5%
Adidas,Adidas,,BHD,22.66,-15%
Adidas,Adidas,,BHD,22.66,-22%
Adidas,Adidas,,BHD,22.66,-27%
Nike,Nike,,BHD,,
Nike,Nike,,BHD,48.67,-43%
U.S. Polo Assn.,U.S. Polo Assn.,,BHD,40.37,-45%
adidas Originals,adidas Originals,,BHD,22.65,-14%
Adidas,Adidas,,BHD,25.91,-3%
Adidas,Adidas,,BHD,22.66,-25%
Nike,Nike,,BHD,,
PUMA,PUMA,,BHD,,
Adidas,Adidas,,BHD,,
Adidas,Adidas,,BHD,13.98,-22%
SKECHERS,SKECHERS,,BHD,18.21,-21%
asics,asics,,BHD,42.82,-22%
Nike,Nike,,BHD,,
Adidas,Adidas,,BHD,27.00,-28%
PUMA,PUMA,,BHD,24.83,-59%
Nike,Nike,,BHD,,
SKECHERS,SKECHERS,,BHD,16.48,-27%
Nike,Nike,,BHD,,
Nike,Nike,,BHD,,
SKECHERS,SKECHERS,,BHD,16.48,-26%
New Balance,New Balance,,BHD,,
Adidas,Adidas,,BHD,15.07,-16%
Nike,Nike,,BHD,35.67,-24%
SKECHERS,SKECHERS,,BHD,,
PUMA,PUMA,,BHD,20.49,-42%
Nike,Nike,,BHD,,
PUMA,PUMA,,BHD,24.83,-59%
PUMA,PUMA,,BHD,20.49,-42%
PUMA,PUMA,,BHD,24.83,-50%
U.S. Polo Assn.,U.S. Polo Assn.,,BHD,33.22,-44%
Nike,Nike,,BHD,41.09,-35%
adidas Originals,adidas Originals,,BHD,30.24,-43%
Adidas,Adidas,,BHD,21.57,-38%
Nike,Nike,,BHD,57.35,-48%
Nike,Nike,,BHD,54.09,-35%
Adidas,Adidas,,BHD,22.66,-37%
crocs,crocs,,BHD,,
On Running,On Running,,BHD,,
asics,asics,,BHD,,
Adidas,Adidas,,BHD,22.66,-28%
PUMA,PUMA,,BHD,24.83,-50%
Adidas,Adidas,,BHD,,
Adidas,Adidas,,BHD,,
U.S. Polo Assn.,U.S. Polo Assn.,,BHD,33.22,-44%
Nike,Nike,,BHD,41.09,-35%
adidas Originals,adidas Originals,,BHD,30.24,-43%
crocs,crocs,,BHD,24.83,-21%
Adidas,Adidas,,BHD,,
Adidas,Adidas,,BHD,21.57,-38%
Nike,Nike,,BHD,57.35,-48%
Adidas,Adidas,,BHD,18.32,-4%
PUMA,PUMA,,BHD,,
Adidas,Adidas,,BHD,25.91,-32%
Adidas,Adidas,,BHD,28.08,-28%
Adidas,Adidas,,BHD,,
UNDER ARMOUR,UNDER ARMOUR,,BHD,19.41,-20%
Adidas,Adidas,,BHD,,
Jordan,Jordan,,BHD,,
Nike,Nike,,BHD,,
Jordan,Jordan,,BHD,,
Nike,Nike,,BHD,,
Jordan,Jordan,,BHD,,
SKECHERS,SKECHERS,,BHD,28.00,-5%
Adidas,Adidas,,BHD,,
Jordan,Jordan,,BHD,,
Nike,Nike,,BHD,,
crocs,crocs,,BHD,,
Adidas,Adidas,,BHD,,
New Balance,New Balance,,BHD,,
PUMA,PUMA,,BHD,,
Adidas,Adidas,,BHD,25.91,-4%
Adidas,Adidas,,BHD,,
PUMA,PUMA,,BHD,,
Nike,Nike,,BHD,,
Reebok,Reebok,,BHD,21.57,-37%
Jordan,Jordan,,BHD,,
PUMA,PUMA,,BHD,,
Adidas,Adidas,,BHD,,
SKECHERS,SKECHERS,,BHD,,
VANS,VANS,,BHD,31.98,-13%
Adidas,Adidas,,BHD,,
UNDER ARMOUR,UNDER ARMOUR,,BHD,27.00,-17%
Nike,Nike,,BHD,,
Adidas,Adidas,,BHD,,
crocs,crocs,,BHD,,
SKECHERS,SKECHERS,,BHD,,
Jordan,Jordan,,BHD,,
SKECHERS,SKECHERS,,BHD,,
FLO,FLO,,BHD,,
Nike,Nike,,BHD,70.35,-25%
Jordan,Jordan,,BHD,,
Nike,Nike,,BHD,,
Adidas,Adidas,,BHD,,
Nike,Nike,,BHD,,
Nike,Nike,,BHD,,
Adidas,Adidas,,BHD,,
Adidas,Adidas,,BHD,32.41,-52%
Nike,Nike,,BHD,62.76,-59%
Nike,Nike,,BHD,30.24,-34%
crocs,crocs,,BHD,,
Nike,Nike,,BHD,30.24,-34%
SKECHERS,SKECHERS,,BHD,18.32,-59%
Adidas,Adidas,,BHD,25.91,-41%
Nike,Nike,,BHD,30.24,-34%
Nike,Nike,,BHD,30.24,-34%
U.S. Polo Assn.,U.S. Polo Assn.,,BHD,33.22,-58%
adidas Originals,adidas Originals,,BHD,35.67,-15%
Jordan,Jordan,,BHD,,
Adidas,Adidas,,BHD,,
Adidas,Adidas,,BHD,27.00,-20%
adidas Originals,adidas Originals,,BHD,,
Jordan,Jordan,,BHD,,
Adidas,Adidas,,BHD,,
Nike,Nike,,BHD,,
Adidas,Adidas,,BHD,25.91,-23%
Adidas,Adidas,,BHD,,
Nike,Nike,,BHD,,
Adidas,Adidas,,BHD,,
adidas Originals,adidas Originals,,BHD,27.00,-25%
PUMA,PUMA,,BHD,,
Jordan,Jordan,,BHD,,
PUMA,PUMA,,BHD,,
Jordan,Jordan,,BHD,,
PUMA,PUMA,,BHD,,
Jordan,Jordan,,BHD,,
Adidas,Adidas,,BHD,,
Nike,Nike,,BHD,,
Adidas,Adidas,,BHD,,
PUMA,PUMA,,BHD,,
asics,asics,,BHD,,
Nike,Nike,,BHD,,
asics,asics,,BHD,,
adidas Originals,adidas Originals,,BHD,30.62,-8%
Adidas,Adidas,,BHD,,
adidas Originals,adidas Originals,,BHD,,
Nike,Nike,,BHD,,
PUMA,PUMA,,BHD,,
adidas Originals,adidas Originals,,BHD,,
crocs,crocs,,BHD,,
Jordan,Jordan,,BHD,,
PUMA,PUMA,,BHD,,
Jordan,Jordan,,BHD,,
Adidas,Adidas,,BHD,,
asics,asics,,BHD,,
Adidas,Adidas,,BHD,,
Nike,Nike,,BHD,,
Adidas,Adidas,,BHD,27.64,-12%
SKECHERS,SKECHERS,,BHD,28.00,-5%
Nike,Nike,,BHD,,
New Balance,New Balance,,BHD,,
New Balance,New Balance,,BHD,,
Nike,Nike,,BHD,,
