title,link,price,rating,Number of Reviews
"Samsung Galaxy Tab A11, Wifi, Android Tablet, Gray, 8GB RAM, 128GB Storage, 8.7"" Screen (KSA Version) ",https://www.amazon.sa//-/en/Samsung-Galaxy-Android-Storage-Version/dp/B0FQ5XPNH7,,4.4,(109)
"Samsung Galaxy Tab A11+, WiFi, Android Tablet, Silver, 6GB RAM, 128GB Storage, 11"" Screen (KSA Version) ",https://www.amazon.sa//-/en/Samsung-Galaxy-Android-Storage-Version/dp/B0FZBHY4F7,,4.4,(109)
"HONOR Pad X8b WiFi Tablet 11-Inch 90Hz FHD Display, 10100mAh Battery, 4GB RAM + 64GB Expandable Storage (Up to 1TB), SGS 5-Star Drop Resistance, 4 Speakers, 15W Fast Charging, Metal Body, Space Grey ",https://www.amazon.sa//-/en/HONOR-10100mAh-Expandable-Resistance-Speakers/dp/B0GZWHPD35,,4.4,(109)
"HUAWEI MatePad SE 11'' 4+128GB Grey Tablet, FullView Display, Large Capacity Battery, Without Pen, 1-Year Amazon Exclusive Huawei Care+ ",https://www.amazon.sa//-/en/HUAWEI-MatePad-FullView-Capacity-Exclusive/dp/B0G9VMXB18,,4.4,(109)
"HUAWEI MatePad SE 11'' 8+128GB Nebula Grey Tablet, FullView Display, Large Capacity Battery, 1-Year Amazon Exclusive Huawei Care+ ",https://www.amazon.sa//-/en/HUAWEI-MatePad-FullView-Capacity-Exclusive/dp/B0GFWRDWZD,,4.4,(109)
"OTEETO TAB 11 Pro Tablet/10.1 Inch IPS LCD/8GB RAM + 512 GB ROM/5G Network/6000 mAh/8MP Front + 13MP Rear Camera/Octa Core 1.3GHz/Android 13/Includes Keyboard,Touch Pen,Mouse (Blue) ",https://www.amazon.sa//-/en/OTEETO-TAB-11-Pro-Keyboard/dp/B0CW36162D,,4.4,(109)
"Apple iPad 11-inch: A16 chip, 11-inch Model, Liquid Retina Display, 128GB, Wi-Fi 6, 12MP Front/12MP Back Camera, Touch ID, All-Day Battery Life — Blue ",https://www.amazon.sa//-/en/Apple-iPad-11-inch-Display-All-Day/dp/B0DZ77H5J7,,4.4,(109)
"Android Tablet 11″ – Philips T7310, 8GB RAM + 128GB ROM, 1TB Expandable, Octa-Core T616, 7200mAh Battery, HD Eye Protection Display, WiFi 6, Dual Cameras, Android 16, Gemini AI (T7310-WIFI) ",https://www.amazon.sa//-/en/Android-Tablet-11%E2%80%B3-Expandable-Protection/dp/B0GPCHFPSH,,4.4,(109)
"HONOR Magic Pad 3 13.3"" Tablet with Magic Pencil & Smart Keyboard, 16GB RAM 512GB Storage, 165Hz 3.2K Eye Comfort Display, Snapdragon 8 Gen 3, 12450mAh Battery, 8 Speakers, PC-Level Productivity, Gray ",https://www.amazon.sa//-/en/HONOR-Keyboard-Snapdragon-12450mAh-Productivity/dp/B0FMY8QNNX,,4.4,(109)
"TABWEE Tablet 10 Inch Android 16 Tablet with Keyboard, 24GB RAM (8+16GB Ext.) 256GB ROM (2TB TF Expand), Octa-Core 2 in 1 Android Tablet, 5G WiFi, 5000mAh, GPS, Gemini AI, Space Gray ",https://www.amazon.sa//-/en/TABWEE-Android-Keyboard-Octa-Core-5000mAh/dp/B0F991H9R9,,4.4,(109)
"HONOR Pad 9 5G, 12.1"", 128GB 8GB Ram, Space Grey ",https://www.amazon.sa//-/en/HONOR-12-1-128GB-Space-Grey/dp/B0H2MZ9ZKV,,4.4,(109)
"HONOR PAD X9a, 11.5"" HONOR Fullview Display, 8300mAh Long Life, Thin Metal Design, Grey, WIFI ",https://www.amazon.sa//-/en/HONOR-Fullview-Display-8300mAh-Design/dp/B0FQCSLX87,,4.4,(109)
"Lenovo Idea Tab, 11 INCH, 2.5K, 2560x1600, LUNA GREY, MediaTek® Dimensity 6300 OC, 8GB Ram, 256GB Storage, WIFI, 7040 mAh Battery, with Folio Case and Pen, TB336FU, ZAFR0843SA ",https://www.amazon.sa//-/en/Lenovo-2560x1600-MediaTek%C2%AE-TB336FU-ZAFR0843SA/dp/B0FRNB54XY,,4.4,(109)
Redmi Pad 2 9.7 Graphite Gray 4GB RAM 64GB WiFi Inbox Cover - Global Version ,https://www.amazon.sa//-/en/Redmi-Graphite-Gray-Inbox-Cover/dp/B0GXZF1HDJ,,4.4,(109)
"TABWEE T90 Android 16 Tablet - 11 Inch FHD Display, 24GB RAM+128GB ROM /2TB TF, 13MP Camera, 8000mAh, Widevine L1, Gemini AI, GPS, Tablet with Keyboard and Pen ",https://www.amazon.sa//-/en/TABWEE-T90-Android-16-Tablet/dp/B0FH22N7GK,,4.4,(109)
"Tablet 2026 World's First Android 16 Tablet with Gemini AI, 11 Inch FHD Display, 24GB RAM 128GB ROM /2TB TF, T7250 CPU+13MP Camera, 8000mAh, Widevine L1, 2 in 1 Tablets with Stylus ",https://www.amazon.sa//-/en/Android-Display-8000mAh-Widevine-Tablets/dp/B0F137P9DJ,,4.4,(109)
HONOR Pad 10 12.1 Inch Wi-Fi Tablet 8GB RAM 256GB ROM Gray Bundle with Free Keyboard Case & Honor Choice Pencil - UAE Version ,https://www.amazon.sa//-/en/HONOR-Tablet-Bundle-Keyboard-Choice/dp/B0FDH43N59,,4.4,(109)
"Samsung Galaxy Tab A11+, 27.82 cm (11 inch) Display, 8 GB RAM, 256 GB Storage, 90Hz Refresh Rate, AI with Google Gemini, Dolby Atmos, Quad Speakers, Wi-Fi + 5G Tablet | International Version (Gray) ",https://www.amazon.sa//-/en/Samsung-Display-Storage-Speakers-International/dp/B0G1C5TGDS,,4.4,(109)
"Lenovo Tab One with Clear Case, 9"" HD (1340x800) IPS 480nits Anti-fingerprint, Touch display, MediaTek Helio G85 processor, 4GB RAM, 128GB, Android 14 - [ZAF00123AE], Luna Grey ",https://www.amazon.sa//-/en/Lenovo-1340x800-Anti-fingerprint-MediaTek-processor/dp/B0FG1NN154,,4.4,(109)
"Xiaomi Pad 7 8+ 256GB Mi Tablet, Display 12.1 Inches, Standby Time up to 33.9 Days, Blue ",https://www.amazon.sa//-/en/Xiaomi-Tablet-Display-Inches-Standby/dp/B0F4254MG1,,4.4,(109)
"TABWEE T60 Android 16 Tablet with Keyboard, 12.2 Inch QHD+ Display (1600x2400), 48GB RAM 256GB ROM, 10000mAh Battery, 4G Tablet with SIM Card Slot, 16MP Camera, Gemini AI, GPS (4-Year Warranty） ",https://www.amazon.sa//-/en/TABWEE-T60-Keyboard-1600x2400-Warranty%EF%BC%89/dp/B0FVL67HHY,,4.4,(109)
"Samsung Galaxy Tab S10+, AI Tablet, Android Tablet, WIFI, 12GB RAM, 256GB Storage, AMOLED Display, Anti-reflection, Durable, S Pen Included, Moonstone Gray (KSA Version) ",https://www.amazon.sa//-/en/Samsung-Android-Anti-reflection-Included-Moonstone/dp/B0DJD3W51Q,,4.4,(109)
Lenovo Tab One Tablet | 8.7 Inch 1340 x 800 LCD Display | MediaTek Helio G85 | 4GB RAM | 64GB Memory | Android 14 | Luna Grey | Includes Folio Case ,https://www.amazon.sa//-/en/Lenovo-Tab-One-Display-MediaTek/dp/B0F5WZRFFT,,4.4,(109)
"HONOR Pad 10 12.1"" 2.5K Tablet (120Hz Eye-Care Display), Snapdragon 7 Gen 3, 10100mAh Battery, Android 15 Wi-Fi Tablet – High-Performance Entertainment & Productivity Pad ",https://www.amazon.sa//-/en/HONOR-Eye-Care-Display-Snapdragon-10100mAh/dp/B0FBC5FXBP,,4.4,(109)
"Tablet,10.1"" Android Tablet 8GB RAM 256GB ROM HD 1280x800 IPS Touchscreen,Dual SIM Card Slots,Dual Band WiFi,GMS,BT 5.0,Dual Camera (Gold) ",https://www.amazon.sa//-/en/SVMAN-Tablet-Android-1280x800-Touchscreen/dp/B0GCRGNTM6,,2.1,(3)
"ALLDOCUBE Tablet 8.4 Inch, Android 15, 16GB RAM+256GB Storage, 6050mAh Battery, Support GPS/Face Recognition/4G LTE ",https://www.amazon.sa//-/en/ALLDOCUBE-Android-Storage-6050mAh-Recognition/dp/B0FKT8NH45,,2.1,(3)
"OnePlus Pad 4 WiFi Tablet, 12GB RAM + 512GB Storage, Snapdragon 8 Elite Gen 5, 13.2"" 3.4K 144Hz Display, Dune Glow ",https://www.amazon.sa//-/en/OnePlus-Tablet-Storage-Snapdragon-Display/dp/B0H2HPRM98,,2.1,(3)
"Lenovo Tab One, 8.7 INCH, LUNA GREY, MediaTek® G85 OC 2.0GHz, 4GB Ram, 128GB Storage, with Call Feature, 4G-LTE, 5100 mAh Battery,with Clear Case, TB305XU, ZAF10102SA ",https://www.amazon.sa//-/en/Lenovo-MediaTek%C2%AE-Storage-TB305XU-ZAF10102SA/dp/B0F93WMWKD,,2.1,(3)
"HONOR Pad X7 8.7"" Wi-Fi Tablet, 4GB RAM 128GB Storage, 90Hz Display, Snapdragon 680, Android 15, Gray with Cover Case (UAE Version) ",https://www.amazon.sa//-/en/HONOR-Storage-Display-Snapdragon-Android/dp/B0FKC36CC9,,2.1,(3)
Lenovo Idea Tab Tablet | 11 Inch 2.5K 16:10 LCD Display | MediaTek Dimensity 6300 | 8GB RAM | 128GB Memory | Android 15 | Luna Grey | Includes Tab Pen ,https://www.amazon.sa//-/en/Lenovo-Idea-Tablet-Inch-2-5K/dp/B0F5X1Q29N,,2.1,(3)
"Lenovo Idea Tab, 11 INCH, 2.5K, POLAR BLUE, MediaTek Dimensity 6300 OC, 8GB Ram, 256GB Storage, with Call Feature, 5G, 7040 mAh Battery, Keyboard Case and Pen, TB336ZU, ZAFM0356SA ",https://www.amazon.sa//-/en/Lenovo-MediaTek-Dimensity-TB336ZU-ZAFM0356SA/dp/B0FLVW3ZVP,,2.1,(3)
XPPen 3 in 1 Color Digital Notebook 10.95'' Paper Note Taking Tablet with 16384 Pressure Levels Battey-Free X3 Pro Pencil 2 Magnetic Folio 6+128GB Magic Note Pad for Writing/Reading/Meeting/Study ,https://www.amazon.sa//-/en/XPPen-Notebook-Pressure-Battey-Free-Magnetic/dp/B0DX234NWP,,2.1,(3)
"XIAOMI Pad 7, 11-inch Tablet, Wi-FI, 256 GB, 8 GB RAM, Grey ",https://www.amazon.sa//-/en/XIAOMI-Pad-11-inch-Tablet-Wi-FI/dp/B0DZ144ZMX,,2.1,(3)
"XIAOMI Redmi Pad 2 Pro, 8 + 256 GB, 12.1"" 2.5K 120 Hz, giant 12,000 mAh battery (typical), 4 nm processor, continuous connectivity, graphite grey, WiFi ",https://www.amazon.sa//-/en/battery-processor-continuous-connectivity-graphite/dp/B0FY1YG466,,2.1,(3)
"REDMAGIC Astra Gaming Tablet, 12GB RAM+256GB ROM, Snapdragon 8 Elite, 2.4K, OLED, 9.06'', Eclipse ",https://www.amazon.sa//-/en/REDMAGIC-Gaming-Tablet-Snapdragon-Eclipse/dp/B0F8QH1KTX,,2.1,(3)
"HUAWEI MatePad SE 11 4GB+128GB Kid Tablet, M-Pen lite, FullView Display，Large Capacity Battery，Kids Corner, 1-Year Amazon Exclusive Huawei Care+ ",https://www.amazon.sa//-/en/HUAWEI-FullView-Display%EF%BC%8CLarge-Battery%EF%BC%8CKids-Exclusive/dp/B0G9T81DGC,,2.1,(3)
"TCL TAB11 FE Ares-11 4GB RAM 128GB ROM 6000mAh 11-Inch FHD Android 14 Tablet with Flip Case, Grey ",https://www.amazon.sa//-/en/TCL-Ares-11-6000mAh-11-Inch-Android/dp/B0FQ5VM7V8,,2.1,(3)
"Microsoft Surface Pro 7 12.3 Inch Tablet (Platinum) - Intel 10th Generation Quad Core i5, 8GB RAM, 128GB SSD, Windows 10 Home, 2019 Edition ",https://www.amazon.sa//-/en/Microsoft-Surface-12-3-Tablet-Platinum/dp/B07Y5M67K7,,2.1,(3)
"CHUWI Hi10 Max 12.96"" 3K IPS Touch Screen, Intel N150 Processor, 12GB DDR5, 512GB SSD, 3-in-1 Windows 11 Tablet PC, WiFi 6, Detachable Keyboard Tablet ",https://www.amazon.sa//-/en/CHUWI-Processor-Windows-Detachable-Keyboard/dp/B0GH6NTZPZ,,2.1,(3)
"Samsung Galaxy Tab A11 8.7"" 64GB/4GB Wi-Fi Prateado ",https://www.amazon.sa//-/en/Samsung-Galaxy-64GB-Wi-Fi-Prateado/dp/B0FWSD2KK3,,2.1,(3)
"AGM PAD T2 Tablet Android 14, FHD 1920x1200 Display, 4GB RAM, 256GB ROM (TF 512GB),GPS/Type-C/8000mAh Battery/Dual SIM 4G LTE/5G Hz WIFI/Face ID ",https://www.amazon.sa//-/en/AGM-PAD-T2-Android-1920x1200/dp/B0DGX4MK98,,2.1,(3)
"Microsoft Surface Pro 7 Plus Intel 11Th Gen Quad Core i7-1165G7 2.8 GHz, 16GB, 512GB SSD, 12.3"" TRA Window 10 PRO - Platinum | 1ND-00006 (Renewed) ",https://www.amazon.sa//-/en/Microsoft-Surface-Intel-i7-1165G7-Window/dp/B0GDNWN4B6,,2.1,(3)
HONOR Pad X8a 4+128G Wi-Fi(with Flip Cover) ,https://www.amazon.sa//-/en/HONOR-128G-Wi-Fi-Flip-Cover/dp/B0DC6JBDFG,,2.1,(3)
"PEICHENG Android 14.0 Tablet 7"", RAM 8GB(3+5Expand)+32GB ROM Tablets, Dual Camera, 1024 x 600 IPS Display Screen, 1TB Expand, Tablet with Case (Black) ",https://www.amazon.sa//-/en/PEICHENG-Android-5Expand-Tablets-Case/dp/B0DT464XW3,,2.1,(3)
"Android Tablet, 7-Inch Tablet with Octa-core Processor, 2GB RAM + 32GB Expansion+1TB, Long Battery Life, WiFi 2.4G/5G, BT, Dual Camera, Play GMS Certified ",https://www.amazon.sa//-/en/RUIQIAI-Octa-core-Processor-Expansion-Certified/dp/B0CCRY7QB2,,2.1,(3)
Lenovo Tab M11 Android Tablet | 11 Inch Full HD 1200p | 128 GB | Lenovo Tab Pen | WiFi | 4 GB RAM | Luna Grey | Designed for Portable Entertainment ,https://www.amazon.sa//-/en/Lenovo-Android-Designed-Portable-Entertainment/dp/B0CRF732V7,,2.1,(3)
"Lenovo Tab, 10-inch, LUNA GREY, MediaTek® G85 OC 2.0GHz, 4GB Ram, 128GB Storage, WIFI, 5100 mAh Battery, TB311FU,with Kids Bumper Case, ZAEH0086SA ",https://www.amazon.sa//-/en/Lenovo-10-inch-MediaTek%C2%AE-TB311FU-ZAEH0086SA/dp/B0DQQ9DXTX,,2.1,(3)
"Android 10.1 Inch Tablet PC, 6GB RAM 128GBStorage,1280x800 IPS Screen, Dual-band Wi-Fi, GPS, Dual SIM Card Slots, 5G network Bluetooth,Touch Screen (Black) ",https://www.amazon.sa//-/en/SYCGYQ-128GBStorage-1280x800-Dual-band-Bluetooth/dp/B0DHS3WB2Q,,2.1,(3)
"Android 15 Tablet 10 inch, 2 in1 Tablets with Keyboard Case Mouse Stylus, 10GB RAM 64GB ROM 1TB Expand, Quad-Core Processor Tablet PC, 5G WiFi6, BT5.0, 6000mAh, 1280*800 IPS Screen, Widevine L1, Black ",https://www.amazon.sa//-/en/Android-Keyboard-Quad-Core-Processor-Widevine/dp/B0DX653W8S,,4.1,(96)
"Tablet Lenovo ZAFR0389ES 11"" 8 GB RAM 128 GB Grey ",https://www.amazon.sa//-/en/Tablet-Lenovo-ZAFR0389ES-RAM-Grey/dp/B0G6BS48TS,,4.1,(96)
"Lenovo Idea Tab, 11 INCH, 2.5K, 2560x1600, LUNA GREY, MediaTek® Dimensity 6300 OC, 8GB Ram, 256GB Storage, with Call Feature, 5G, 7040 mAh Battery,with Folio Case and Pen, TB336ZU, ZAFM0656SA ",https://www.amazon.sa//-/en/Lenovo-2560x1600-MediaTek%C2%AE-TB336ZU-ZAFM0656SA/dp/B0FLVW2J3G,,4.1,(96)
Redmi Pad 2 9.7 Silver 4GB RAM 64GB WiFi Inbox Cover - Global Version ,https://www.amazon.sa//-/en/Redmi-Silver-64GB-Inbox-Cover/dp/B0GXZLSLVY,,4.1,(96)
"10.1 Inch Tablet, 4GB RAM 128GB Storage, Eight-Core Processor,1280x800 IPS Screen, WIFI, GPS, Dual SIM Card Slots, Metal Housing (Gold) ",https://www.amazon.sa//-/en/Storage-Eight-Core-Processor-1280x800-Housing/dp/B0BJ74GJ6Q,,4.1,(96)
"Microsoft Surface Pro 13"" (Latest Version) | OLED | 12 Core | Copilot+PC | 2 in 1 | 120Hz Display| Snapdragon X Elite| 32GB RAM | 1 TB SSD | Platinum | KSA Version ",https://www.amazon.sa//-/en/Microsoft-Surface-Version-Snapdragon-Platinum/dp/B0D9PJKSZT,,4.1,(96)
"Lenovo Tab Plus, 11.5"" 2K, LUNA GREY, MediaTek® Helio G99 OC 2.2GHz, 8GB, 256GB, 8 Speakers, WIFI, 8600 mAh with 45W PD3.0, TB351FU, Sleeve Case, ZADX0106SA ",https://www.amazon.sa//-/en/Lenovo-MediaTek%C2%AE-Speakers-TB351FU-ZADX0106SA/dp/B0DJMG7XFH,,4.1,(96)
"REDMAGIC Astra Gaming Tablet, 16GB RAM+512G ROM, Snapdragon 8 Elite, 2.4K, OLED, 9.06'', Eclipse ",https://www.amazon.sa//-/en/REDMAGIC-Gaming-Tablet-Snapdragon-Eclipse/dp/B0F8QFN64V,,4.1,(96)
"TABWEE T20 Pro Android 16 Tablet with Keyboard and Stylus, 24GB+256GB+2TB | 4 Year Warranty/Widevine L1/Top Pick for Light Office Work ",https://www.amazon.sa//-/en/TABWEE-Android-Tablet-Keyboard-Stylus/dp/B0FQTPX7LZ,,4.1,(96)
"Samsung Galaxy Tab Active5 5G Enterprise Edition, Rugged Android Tablet, 8"" Display, 6GB RAM and 128GB Expandable Internal Memory, 5050mAh Battery, Green ",https://www.amazon.sa//-/en/Samsung-Active5-Enterprise-Expandable-Internal/dp/B0CS2HCBXX,,4.1,(96)
"Blackview Link 8, Wi-Fi, 256GB 6GB RAM, Cloudy Purple ",https://www.amazon.sa//-/en/Blackview-Link-Wi-Fi-Cloudy-Purple/dp/B0G57M2Z6W,,4.1,(96)
"XIAOMI Poco Pad M1 Tablet WiFi 8GB 256GB 12.1"" Display 120Hz 12000mAh Black (with Charger) ",https://www.amazon.sa//-/en/Poco-Pad-M1-Display-12000mAh/dp/B0GCDQY4P1,,4.1,(96)
"Samsung Galaxy Tab S10 FE+ 13.1” 128GB WiFi Android Tablet, Large Display, Long Battery Life, Exynos 1580 Processor, IP68, S Pen for Note-Taking, US Version, 2 Yr Manufacturer Warranty, Silver ",https://www.amazon.sa//-/en/Samsung-Processor-Note-Taking-Manufacturer-Warranty/dp/B0DVZWJL91,,4.1,(96)
"HOTTABLET 10"" Android 15 Tablet, 12(4+8Expand) GB RAM+64GB ROM, 2+8MP Dual Camera, 6000mAh Battery (Tablet+case+Stylus), Pink ",https://www.amazon.sa//-/en/HOTTABLET-Android-8Expand-6000mAh-Battery/dp/B0DXV2TWF5,,4.1,(96)
"Lenovo Tab One, 8.7 INCH, HD, 1340x800, LUNA GREY, MediaTek® G85 OC 2.0GHz, 4GB Ram, 128GB Storage, WIFI, 5100 mAh Battery, with Clear Case, TB305FU, ZAF00125SA ",https://www.amazon.sa//-/en/Lenovo-1340x800-MediaTek%C2%AE-TB305FU-ZAF00125SA/dp/B0FLVW1QTM,,4.1,(96)
"NOVOJOY 7 Inch Tablet with Case, Android 15 Tablet PC, 32GB Storage 8GB RAM Tabletsa Quad-Core Processor Android Tableta pc Dual Camera, WiFi, BT Computer Tabletas.(with Tablets Cover),Navy Blue ",https://www.amazon.sa//-/en/NOVOJOY-Tabletsa-Quad-Core-Processor-Tabletas/dp/B0GD5M8WYX,,4.1,(96)
MODIO M19 10.1inch 1280 * 800 IPS Android High Defination Tablet 8GB RAM 512GB ROM Dual Sim Green ,https://www.amazon.sa//-/en/M19-10-1inch-Android-Defination-Tablet/dp/B0CPFWZZRJ,,4.1,(96)
"HUAWEI MatePad 11.5 2025 Tablet 2.5K Eye Comfort PaperMatte Display, 8+256GB, 10100 mAh Battery, 40W SuperCharge, WPS Office, HUAWEI Note, Quad Speakers, Detachable Keyboard, Care+, Violet ",https://www.amazon.sa//-/en/HUAWEI-PaperMatte-SuperCharge-Speakers-Detachable/dp/B0FHQH8F14,,4.1,(96)
"Samsung Galaxy Tab S10 Lite, 8GB RAM, 256GB, 2TB Expand, Long Battery Life, 10.9” LCD, S Pen for Note-Taking, Exynos 1380, Circle to Search, AI Tools, Gray ",https://www.amazon.sa//-/en/Samsung-Galaxy-Expand-Battery-Note-Taking/dp/B0FF5W8NBY,,4.1,(96)
Honor MagicPad3 Wi-Fi Tablet (2025) 13.3 Inches | 512GB Storage 16GB RAM | Android 15 - Grey ,https://www.amazon.sa//-/en/MagicPad3-Tablet-Inches-Storage-Android/dp/B0FP6QK7LY,,4.1,(96)
"Samsung Galaxy Tab S11 (CAD version and warranty) - Graphite, 128 GB, 11 inch Android Tablet, Galaxy AI enhancements, AMOLED 2X 120 Hz, Dex mode, re-designed S stylus included ",https://www.amazon.sa//-/en/Samsung-Galaxy-Tab-version-warranty/dp/B0FLVQLYCV,,4.1,(96)
"ApoloMedia 11"" Tablet, 2026 Android 16 with Octa-core Processor, 8GB RAM+128GB ROM(1TB Expandtion), 7000mAh Battery, HD IPS Large tableta,WiFi 6&BT5.0, Support GMS (Case not Included) ",https://www.amazon.sa//-/en/ApoloMedia-Octa-core-Processor-Expandtion-Included/dp/B0F3X9RC8Z,,4.1,(96)
"Apple iPad Pro 13-inch (M5) 256GB: Ultra Retina XDR display, Landscape 12MP Front Camera/12MP Back Camera, LiDAR Scanner, Wi-Fi 7 with Apple N1, All-Day Battery Life — Space Black ",https://www.amazon.sa//-/en/Apple-iPad-Pro-13-inch-256GB/dp/B0FWD723Y2,,4.1,(96)
"Samsung Galaxy Tab S10 Lite, 5G Android Tablet, Coralred, 8GB RAM, 256GB Storage, 10.9"" 90Hz Display, Long Battery Life (KSA Version) ",https://www.amazon.sa//-/en/Samsung-Android-Coralred-Storage-Display/dp/B0FN47M7L5,,4.1,(96)
